Theme,Headline,Quote,Caption
"Shadow Work","The Shadow You Avoid","The parts of yourself you try hardest to hide don't disappear. They wait.","Want to meet the part of you running the show? Read the full shadow guide on IS-MIND.COM"
"Shadow Work","Projection","What you can't face in yourself, you'll keep meeting in other people.","That irritating person might be your own shadow. Read the full guide on IS-MIND.COM"
"Shadow Work","What Irritates You","The things we most fiercely reject in others are usually the parts of ourselves we can least bear to admit.","The trait you hate in them? It's yours too. Read the full guide on IS-MIND.COM"
"Tarot","The Fool's Leap","The Fool isn't about being naive. It's about trusting yourself before you have proof.","Standing at the edge of a leap? Read what The Fool really means on IS-MIND.COM"
"Tarot","Trust Your Gut","Neuroscience just proved what your gut has been telling you all along.","Your intuition is real biology. Read the science on IS-MIND.COM"
"Dreams","Why You Dream of Falling","A recurring dream isn't a glitch. It's a letter your unconscious won't stop sending.","What is your dream trying to tell you? Decode it on IS-MIND.COM"
"Energy","Your Energy Is Stuck","Your energy isn't broken. It's just stuck — and stuck energy can move.","Where is your life force dammed up? Read the full guide on IS-MIND.COM"
"Relationships","Anxious Attachment","The anxiety isn't really about whether they love you. It's about whether you believe you're worth loving.","Overthinking every text? Read the full guide on IS-MIND.COM"
"Shadow Work","The Pattern You Repeat","You're nice to coworkers, short with your partner, and you don't know why. Jung knew why.","Break the loop you can't explain. Read the full shadow guide on IS-MIND.COM"
"Dreams","The Dream You Hide","What dream keeps coming back — the one you've never told anyone about?","Recurring dreams are messages. Learn to read them on IS-MIND.COM"
"Relationships","Three Hours, No Reply","Three hours without a reply, and your brain has already written a feature film about being abandoned.","Calm the abandonment alarm. Read the full guide on IS-MIND.COM"
"Tarot","Afraid to Look Foolish","What would you do if you weren't afraid of looking foolish?","The Fool is a green light, not a warning. Read the full guide on IS-MIND.COM"
